{"place-asmnl": [19.313708501, 15.535533901], "place-smmnl": [19.313708501, 14.535533901], "place-fldcr": [19.313708501, 13.535533901], "place-shmnl": [19.313708501, 12.535533901], "place-jfk": [20.020815282, 11.828427121], "place-andrw": [20.020815282, 10.828427121], "place-brdwy": [20.020815282, 9.828427125000001], "place-sstat": [20.020815282, 8.828427125000001], "place-dwnxg": [19.313708501, 8.121320342999999], "place-pktrm": [18.60660172, 7.4142135620000005], "place-chmnl": [17.899494938000004, 6.707106781], "place-knncl": [17.192388157000003, 6.0], "place-cntsq": [16.485281376000003, 5.292893219000001], "place-harsq": [15.778174595000001, 4.585786437], "place-portr": [15.071067814000003, 3.878679656], "place-davis": [14.071067814000001, 3.878679656], "place-alfcl": [13.071067813700001, 3.878679656], "place-nqncy": [20.727922063, 12.535533901], "place-wlsta": [21.435028844, 13.242640691], "place-qnctr": [22.142135626, 13.949747471], "place-qamnl": [22.849242409000002, 14.656854251], "place-brntn": [22.849242409000002, 15.656854251], "place-wondl": [26.677669529, 3.171572875], "place-rbmnl": [25.970562749000003, 3.878679656], "place-bmmnl": [25.263455969000002, 4.585786437], "place-sdmnl": [24.556349189000002, 5.292893219000001], "place-orhte": [23.849242409000002, 6.0], "place-wimnl": [23.142135629000002, 6.707106781], "place-aport": [22.435028849000002, 7.4142135620000005], "place-mvbcl": [21.727922063, 8.121320342999999], "place-aqucl": [20.727922063, 8.121320342999999], "place-gover": [19.313708501, 6.707106781], "place-bomnl": [18.60660172, 6.0], "place-forhl": [12.242640689000002, 15.192388151], "place-grnst": [12.949747470200002, 14.485281371000001], "place-sbmnl": [13.656854251000002, 13.778174591], "place-jaksn": [14.363961033000002, 13.071067811], "place-rcmnl": [15.071067814000003, 12.363961031], "place-rugg": [15.778174595000001, 11.656854251], "place-masta": [16.485281376000003, 10.949747471], "place-bbsta": [17.192388157000003, 10.242640687], "place-tumnl": [17.899494938000004, 9.535533906], "place-chncl": [18.60660172, 8.828427125000001], "place-state": [20.020815282, 7.4142135620000005], "place-haecl": [20.020815282, 6.0], "place-north": [20.020815282, 5.0], "place-ccmnl": [20.020815282, 4.0], "place-sull": [20.020815282, 3.0], "place-welln": [20.020815282, 2.0], "place-mlmnl": [20.020815282, 1.0], "place-ogmnl": [20.020815282, 0.0], "place-lech": [18.60660172, 3.5857864380000004], "place-spmnl": [19.3137085, 4.292893219], "place-boyls": [17.60660172, 7.4142135620000005], "place-armnl": [16.60660172, 7.4142135620000005], "place-coecl": [15.60660172, 7.4142135620000005], "place-prmnl": [14.89949494, 8.121320343999999], "place-symcl": [14.89949494, 10.121320344], "place-nuniv": [14.19238816, 10.828427125000001], "place-mfa": [13.48528137, 11.535533906], "place-lngmd": [12.77817459, 12.242640683], "place-brmnl": [12.07106781, 12.949747473], "place-fenwd": [11.36396103, 13.656854253], "place-mispk": [10.65685425, 14.363961033], "place-rvrwy": [9.949747468, 15.071067813], "place-bckhl": [9.242640687, 15.778174593000001], "place-hsmnl": [8.535533906, 16.485281373], "place-hymnl": [14.60660172, 7.4142135620000005], "place-kencl": [13.60660172, 7.4142135620000005], "place-fenwy": [12.19238816, 8.828427125000001], "place-longw": [11.48528137, 9.535533906000001], "place-bvmnl": [10.77817459, 10.242640687], "place-brkhl": [10.07106781, 10.949747468], "place-bcnfd": [9.363961031, 11.65685425], "place-rsmnl": [8.656854249, 12.363961033], "place-chhil": [7.949747468, 13.071067813], "place-newto": [7.242640687, 13.778174593000001], "place-newtn": [6.535533906, 14.485281373], "place-eliot": [5.828427125, 15.192388153], "place-waban": [5.121320344, 15.899494933], "place-woodl": [4.414213562, 16.606601713], "place-river": [3.4142135620000005, 16.606601713], "place-smary": [11.60660172, 7.4142135620000005], "place-hwsst": [10.89949494, 6.707106781], "place-kntst": [10.19238816, 6.0], "place-stpul": [9.192388155, 6.0], "place-cool": [8.485281374, 6.707106781], "place-sumav": [7.778174593, 7.4142135620000005], "place-bndhl": [7.071067812, 8.121320343999999], "place-fbkst": [6.363961031, 8.828427125000001], "place-bcnwa": [5.656854249, 9.535533906000001], "place-tapst": [4.949747468, 10.242640687], "place-denrd": [4.242640687, 10.949747468], "place-engav": [3.5355339059999995, 11.65685425], "place-clmnl": [2.5355339059999995, 11.65685425], "place-bland": [12.89949494, 6.707106781], "place-buest": [12.19238816, 6.0], "place-bucen": [11.48528137, 5.292893219], "place-buwst": [10.77817459, 4.585786438], "place-stplb": [10.07106781, 3.878679657], "place-plsgr": [9.363961031, 3.171572875], "place-babck": [8.656854249, 2.4644660942], "place-brico": [7.949747468, 1.757359313], "place-harvd": [6.949747468, 1.757359313], "place-grigg": [5.949747468, 1.757359313], "place-alsgr": [5.242640687, 2.4644660942], "place-wrnst": [4.535533906, 3.171572875], "place-wascm": [3.828427125000001, 3.878679657], "place-sthld": [3.121320344000001, 4.585786438], "place-chswk": [2.4142135620000005, 5.292893219], "place-chill": [1.7071067810000002, 6.0], "place-sougr": [1.0, 6.707106781], "place-lake": [0.0, 6.707106781]}