{
  "place-asmnl": [19.313708501, 16.535533901],
  "place-smmnl": [19.313708501, 15.535533901],
  "place-fldcr": [19.313708501, 14.535533901],
  "place-shmnl": [19.313708501, 13.535533901],
  "place-jfk": [20.020815282, 12.828427121],
  "place-andrw": [20.020815282, 11.828427121],
  "place-brdwy": [20.020815282, 10.828427125000001],
  "place-sstat": [20.020815282, 9.828427125000001],
  "place-dwnxg": [19.313708501, 9.121320342999999],
  "place-pktrm": [18.60660172, 8.414213562],
  "place-chmnl": [17.899494938000004, 7.707106781],
  "place-knncl": [17.192388157000003, 7.0],
  "place-cntsq": [16.485281376000003, 6.292893219000001],
  "place-harsq": [15.778174595000001, 5.585786437],
  "place-portr": [15.071067814000003, 4.878679656],
  "place-davis": [14.071067814000001, 4.878679656],
  "place-alfcl": [13.071067813700001, 4.878679656],
  "place-nqncy": [20.727922063, 13.535533901],
  "place-wlsta": [21.435028844, 14.242640691],
  "place-qnctr": [22.142135626, 14.949747471],
  "place-qamnl": [22.849242409000002, 15.656854251],
  "place-brntn": [22.849242409000002, 16.656854251],
  "place-wondl": [26.677669529, 4.171572875],
  "place-rbmnl": [25.970562749000003, 4.878679656],
  "place-bmmnl": [25.263455969000002, 5.585786437],
  "place-sdmnl": [24.556349189000002, 6.292893219000001],
  "place-orhte": [23.849242409000002, 7.0],
  "place-wimnl": [23.142135629000002, 7.707106781],
  "place-aport": [22.435028849000002, 8.414213562],
  "place-mvbcl": [21.727922063, 9.121320342999999],
  "place-aqucl": [20.727922063, 9.121320342999999],
  "place-gover": [19.313708501, 7.707106781],
  "place-bomnl": [18.60660172, 7.0],
  "place-forhl": [12.242640689000002, 16.192388151],
  "place-grnst": [12.949747470200002, 15.485281371000001],
  "place-sbmnl": [13.656854251000002, 14.778174591],
  "place-jaksn": [14.363961033000002, 14.071067811],
  "place-rcmnl": [15.071067814000003, 13.363961031],
  "place-rugg": [15.778174595000001, 12.656854251],
  "place-masta": [16.485281376000003, 11.949747471],
  "place-bbsta": [17.192388157000003, 11.242640687],
  "place-tumnl": [17.899494938000004, 10.535533906],
  "place-chncl": [18.60660172, 9.828427125000001],
  "place-state": [20.020815282, 8.414213562],
  "place-haecl": [20.020815282, 7.0],
  "place-north": [20.020815282, 6.0],
  "place-ccmnl": [20.020815282, 5.0],
  "place-sull": [20.020815282, 4.0],
  "place-welln": [20.020815282, 2.0],
  "place-mlmnl": [20.020815282, 1.0],
  "place-ogmnl": [20.020815282, 0.0],
  "place-lech": [18.60660172, 4.585786438],
  "place-spmnl": [19.3137085, 5.292893219],
  "place-boyls": [17.60660172, 8.414213562],
  "place-armnl": [16.60660172, 8.414213562],
  "place-coecl": [15.60660172, 8.414213562],
  "place-prmnl": [14.89949494, 9.121320343999999],
  "place-symcl": [14.89949494, 11.121320344],
  "place-nuniv": [14.19238816, 11.828427125000001],
  "place-mfa": [13.48528137, 12.535533906],
  "place-lngmd": [12.77817459, 13.242640683],
  "place-brmnl": [12.07106781, 13.949747473],
  "place-fenwd": [11.36396103, 14.656854253],
  "place-mispk": [10.65685425, 15.363961033],
  "place-rvrwy": [9.949747468, 16.071067813],
  "place-bckhl": [9.242640687, 16.778174593],
  "place-hsmnl": [8.535533906, 17.485281373],
  "place-hymnl": [14.60660172, 8.414213562],
  "place-kencl": [13.60660172, 8.414213562],
  "place-fenwy": [12.19238816, 9.828427125000001],
  "place-longw": [11.48528137, 10.535533906000001],
  "place-bvmnl": [10.77817459, 11.242640687],
  "place-brkhl": [10.07106781, 11.949747468],
  "place-bcnfd": [9.363961031, 12.65685425],
  "place-rsmnl": [8.656854249, 13.363961033],
  "place-chhil": [7.949747468, 14.071067813],
  "place-newto": [7.242640687, 14.778174593000001],
  "place-newtn": [6.535533906, 15.485281373],
  "place-eliot": [5.828427125, 16.192388153],
  "place-waban": [5.121320344, 16.899494933],
  "place-woodl": [4.414213562, 17.606601713],
  "place-river": [3.4142135620000005, 17.606601713],
  "place-smary": [11.60660172, 8.414213562],
  "place-hwsst": [10.89949494, 7.707106781],
  "place-kntst": [10.19238816, 7.0],
  "place-stpul": [9.192388155, 7.0],
  "place-cool": [8.485281374, 7.707106781],
  "place-sumav": [7.778174593, 8.414213562],
  "place-bndhl": [7.071067812, 9.121320343999999],
  "place-fbkst": [6.363961031, 9.828427125000001],
  "place-bcnwa": [5.656854249, 10.535533906000001],
  "place-tapst": [4.949747468, 11.242640687],
  "place-denrd": [4.242640687, 11.949747468],
  "place-engav": [3.5355339059999995, 12.65685425],
  "place-clmnl": [2.5355339059999995, 12.65685425],
  "place-bland": [12.89949494, 7.707106781],
  "place-buest": [12.19238816, 7.0],
  "place-bucen": [11.48528137, 6.292893219],
  "place-buwst": [10.77817459, 5.585786438],
  "place-stplb": [10.07106781, 4.878679657],
  "place-plsgr": [9.363961031, 4.171572875],
  "place-babck": [8.656854249, 3.4644660942],
  "place-brico": [7.949747468, 2.7573593130000003],
  "place-harvd": [6.949747468, 2.7573593130000003],
  "place-grigg": [5.949747468, 2.7573593130000003],
  "place-alsgr": [5.242640687, 3.4644660942],
  "place-wrnst": [4.535533906, 4.171572875],
  "place-wascm": [3.828427125000001, 4.878679657],
  "place-sthld": [3.121320344000001, 5.585786438],
  "place-chswk": [2.4142135620000005, 6.292893219],
  "place-chill": [1.7071067810000002, 7.0],
  "place-sougr": [1.0, 7.707106781],
  "place-lake": [0.0, 7.707106781],
  "place-astao": [20.020815282, 3.0]
}
